chromosome,start,stop,strand,motif,BBLS,BLS,NLOD,Zscore,distance,ZScore,description,motif_cid,FDR,gene_name,gene_cid
chr9,124329399,124329411,+,M00532,0.514404,1.23567,0.918216252,,-12,4.513511697,olfactory receptor 1N1,7797217,0.147831552,OR1N1,16847
chr1,180297023,180297035,-,M00532,0.574052,1.286618,0.906406316,,441,4.421869451,zinc finger protein 648,7800380,0.143453608,ZNF648,3225
chr16,70168689,70168701,+,M00532,1.070014,1.430805,0.978904624,,-196,4.984438769,tyrosine aminotransferase,7789010,0.038220551,TAT,29174
chr17,72880719,72880731,+,M00532,1.131169,1.577044,0.938754778,,-141,4.672885682,septin-9 isoform b,7793788,0.048303835,9-Sep,29812
chr1,61319693,61319705,-,M00532,0.677889,1.624534,0.890479867,,-422,4.298284065,nuclear factor 1 A-type isoform 4,7806463,0.143857806,NFIA,446
chr12,54809025,54809037,+,M00532,0.64889,1.292581,0.89744415,,779,4.352325212,extended synaptotagmin-1 isoform 2,7803098,0.138585394,ESYT1,24357
chr1,53973149,53973161,-,M00532,0.754334,2.202243,0.895850308,,-690,4.339957383,zinc finger protein GLIS1,7804351,0.124429829,GLIS1,426
chr10,104185965,104185977,+,M00532,0.940502,1.997345,0.910479807,,-287,4.45347875,,7798942,0.086968577,MIR146B,20738
chr3,28257199,28257211,+,M00532,1.59317,2.696781,0.929551323,,-922,4.601469104,COX assembly mitochondrial protein homolog,7794987,0.038734668,CMC1,6004
chr19,49944488,49944500,-,M00532,0.39797,1.120493,0.955769155,,677,4.804913127,B-cell lymphoma 3 protein,7791732,0.102550478,BCL3,33497
chr2,144995322,144995334,+,M00532,1.686098,2.090426,0.954611823,,-900,4.795932514,,7791746,0.020504732,ZEB2,5446
chr8,65452327,65452339,+,M00532,1.183481,2.002541,0.912536947,,-104,4.469441659,,7798590,0.068199947,LOC100130155,15355
chr1,32632340,32632352,+,M00532,1.023044,1.872865,0.971605095,,303,4.927796189,BSD domain-containing protein 1 isoform c,7789443,0.037563452,BSDC1,1667
chr18,33490096,33490108,+,M00532,0.415489,1.090086,0.908277366,,-993,4.436388344,,7799637,0.172797222,MIR4318,31787
chr2,98714312,98714324,+,M00532,1.223078,1.825336,0.959850357,,-297,4.836582266,"alpha-1,3-mannosyl-glycoprotein",7791074,0.026507621,MGAT4A,4175
chr1,92723890,92723902,-,M00532,1.227534,1.93396,0.921331286,,320,4.537683607,zinc finger protein Gfi-1,7796533,0.060244845,GFI1,2185
chr20,29658072,29658084,+,M00532,1.354653,1.737152,0.90439646,,-571,4.406273451,,7800969,0.061988878,MIR3193,34933
chr21,30796735,30796747,-,M00532,0.451995,1.052607,0.909315575,,-462,4.444444597,keratin-associated protein 19-5,7799396,0.163085264,KRTAP19-5,35638
chr15,90737659,90737671,+,M00532,0.557616,1.142911,0.907862163,,-478,4.433166472,"alpha-2,8-sialyltransferase 8B",7799752,0.146384663,ST8SIA2,27878
chr10,82164153,82164165,+,M00532,0.32083,1.102991,0.917257796,,589,4.506074307,,7797413,0.183322553,C10orf58,19845
chr7,141320248,141320260,-,M00532,0.46228,1.218245,0.904789339,,-212,4.409322104,taste receptor type 2 member 38,7800921,0.178847505,TAS2R38,14298
chr17,59561805,59561817,-,M00532,0.820504,1.73097,0.895074898,,-577,4.333940388,serine/threonine-protein kinase/endoribonuclease,7804673,0.114270638,ERN1,29761
chr5,132037801,132037813,-,M00532,0.934749,1.354584,0.964175079,,536,4.870141066,interleukin-4 isoform 2 precursor,7790563,0.04289004,IL4,10382
chr15,86951614,86951626,+,M00532,0.680239,1.214817,0.960028735,,-721,4.837966442,,7790988,0.060938101,MIR1179,27825
chr11,65162617,65162629,+,M00532,1.123342,1.472426,0.945387264,,470,4.724352166,signal-induced proliferation-associated protein,7792896,0.039917695,SIPA1,22417
chr11,100960362,100960374,-,M00532,1.238982,1.976547,0.989402593,,-499,5.065900468,short transient receptor potential channel 6,7788290,0.014583333,TRPC6,21350
chr17,53334944,53334956,+,M00532,0.921037,1.758949,0.916013406,,799,4.496418141,CUE domain-containing protein 1,7797811,0.087155963,CUEDC1,30984
chr12,48962827,48962839,-,M00532,1.198894,2.440647,0.899166449,,787,4.365689838,LIM domain and actin-binding protein 1 isoform,7802358,0.072223538,LIMA1,23398
chr8,93185480,93185492,-,M00532,1.030647,2.098119,0.896388488,,-856,4.344133533,protein CBFA2T1 isoform D,7803926,0.090403453,RUNX1T1,14822
chr7,149669466,149669478,-,M00532,0.465716,1.189337,0.899999087,,224,4.372150902,retinoic acid receptor responder protein 2,7802229,0.180554436,RARRES2,14384
chr17,24530666,24530678,+,M00532,0.908059,2.126955,0.897032397,,861,4.349130111,myosin-XVIIIa isoform a,7803390,0.098612488,MYO18A,29581
chr3,171167885,171167897,-,M00532,1.252385,1.932825,0.980090569,,618,4.993641417,translocation protein SEC62,7788844,0.023483366,SEC62,6612
chr20,39361997,39362009,-,M00532,0.781208,1.194911,0.895055619,,150,4.33379079,zinc fingers and homeoboxes protein 3,7804719,0.119567615,ZHX3,34600
chr10,75006107,75006119,-,M00532,0.817154,1.780991,0.888550982,,-674,4.283316377,inactive ubiquitin carboxyl-terminal hydrolase,7807329,0.119677487,USP54,19827
chr4,5942081,5942093,-,M00532,0.870599,1.589772,0.988245262,,-871,5.056919855,dihydropyrimidinase-related protein 1 isoform 2,7788379,0.018987342,CRMP1,8105
chr17,39701176,39701188,+,M00532,1.698099,2.360517,0.949352185,,-154,4.755118992,band 3 anion transport protein,7792501,0.025628627,SLC4A1,30762
chr7,123461103,123461115,-,M00532,0.519836,1.212716,0.888550982,,-350,4.283316377,transmembrane protein 229A,7807324,0.180116034,TMEM229A,14166
chr9,77696195,77696207,-,M00532,1.392316,2.007407,0.946377581,,822,4.732036787,proprotein convertase subtilisin/kexin type 5,7792786,0.034183082,PCSK5,15996
chr6,53766998,53767010,+,M00532,1.217008,1.627545,0.927178418,,-732,4.583055935,leucine-rich repeat-containing protein 1,7795455,0.052410901,LRRC1,11164
chr3,139314151,139314163,+,M00532,0.650332,1.662234,0.90938092,,855,4.444951656,zinc finger protein DZIP1L isoform 2,7799264,0.124603948,DZIP1L,7598
chr17,14144732,14144744,+,M00532,1.214375,1.58475,0.927178418,,-492,4.583055935,heparan sulfate glucosamine 3-O-sulfotransferase,7795467,0.053080404,HS3ST3B1,29536
chr19,40533558,40533570,+,M00532,1.116275,2.099627,0.906786614,,-720,4.424820471,free fatty acid receptor 1,7800147,0.075574905,FFAR1,33111
chr12,102968115,102968127,-,M00532,1.702871,2.086472,0.946377581,,-76,4.732036787,glycosyltransferase 8 domain-containing protein,7792800,0.024976437,GLT8D2,24647
chr11,104274118,104274130,-,M00532,0.392068,1.224701,0.908863033,,483,4.440932978,,7799522,0.177748063,CASP12,22763
chr2,190893501,190893513,-,M00532,0.268548,1.045103,0.9263955,,-491,4.576980676,"3-hydroxyisobutyryl-CoA hydrolase, mitochondrial",7795610,0.15798385,HIBCH,3850
chr1,66569939,66569951,+,M00532,0.873935,1.994431,0.924936,,-435,4.56565531,"cAMP-specific 3',5'-cyclic phosphodiesterase 4B",7795846,0.088123012,PDE4B,473
chr1,210276513,210276525,-,M00532,0.658834,1.282583,0.96824857,,-894,4.901750365,integrator complex subunit 7 isoform 3,7790038,0.068781726,INTS7,893
chr17,51155487,51155499,-,M00532,0.638515,1.280305,0.893547821,,-269,4.322090641,transmembrane protein 100,7805307,0.149952899,TMEM100,30972
chr2,151855118,151855130,+,M00532,1.092364,2.000038,0.900235708,,-448,4.373987023,N-myc-interactor,7802026,0.07950495,NMI,5456
chr20,41626405,41626417,+,M00532,0.383811,1.440588,0.91845957,,-757,4.515399783,serine/threonine-protein kinase Sgk2 isoform,7797118,0.16918962,SGK2,35096
chr3,48860714,48860726,+,M00532,0.465973,1.366679,0.893548024,,-446,4.322092215,cAMP-dependent protein kinase type II-alpha,7805290,0.193176423,PRKAR2A,7082
chr17,62390707,62390719,+,M00532,0.696221,1.434405,0.90938092,,-728,4.444951656,voltage-dependent calcium channel gamma-4,7799281,0.116855248,CACNG4,31116
chr1,53300833,53300845,+,M00532,1.03858,1.219816,0.957033432,,367,4.814723616,podocan isoform 2,7791316,0.034446764,PODN,1999
chr16,87570996,87571008,-,M00532,0.702407,1.636707,0.888550982,,3,4.283316377,protein CBFA2T3 isoform 1,7807334,0.14003331,CBFA2T3,28247
chr22,44860413,44860425,+,M00532,0.62344,1.492649,0.893606266,,-121,4.322544159,,7805279,0.153704633,LOC400931,36630
chr12,101396324,101396336,-,M00532,0.972628,2.091683,0.896288645,,229,4.343358772,insulin-like growth factor 1 isoform 2,7804079,0.09515885,IGF1,23561
chr5,132228645,132228657,-,M00532,0.058836,1.133494,0.893027093,,-275,4.318049916,growth/differentiation factor 9 preproprotein,7805480,0.261314655,GDF9,10389
chr11,2942639,2942651,-,M00532,0.557541,1.127,0.948273794,,-946,4.746750945,,7792594,0.090101823,SNORA54,21580
chr12,56140756,56140768,-,M00532,0.808203,1.741631,0.923516275,,562,4.554638588,zinc finger protein GLI1 isoform 3,7796295,0.095976126,GLI1,24437
chr19,10203093,10203105,-,M00532,1.611794,1.9047,0.951369347,,-151,4.770771682,sphingosine 1-phosphate receptor 2,7792268,0.028144239,S1PR2,32629
chr1,17179222,17179234,-,M00532,0.625132,1.193703,0.948273794,,532,4.746750945,microfibrillar-associated protein 2 isoform b,7792579,0.081602003,MFAP2,1363
chr12,55367858,55367870,+,M00532,0.358112,1.133212,0.896288645,,481,4.343358772,prostaglandin E synthase 3,7804028,0.217364086,PTGES3,24394
chr2,220480469,220480481,+,M00532,0.573278,1.643519,0.892314998,,-945,4.312524233,,7805691,0.168345543,MIR4268,5799
chr12,52179381,52179393,+,M00532,0.409564,1.075036,0.888907333,,324,4.286081581,mitogen-activated protein kinase kinase kinase,7807164,0.20820978,MAP3K12,23433
chrX,40392069,40392081,-,M00532,0.22693,1.300023,0.896241767,,-312,4.342995012,hypothetical protein LOC159013,7804136,0.240985652,CXorf38,17905
chr18,5882919,5882931,+,M00532,2.200344,2.386794,0.988245262,,-822,5.056919855,transmembrane protein 200C,7788355,0,TMEM200C,31682
chr17,45994399,45994411,-,M00532,1.011769,1.249907,0.949352185,,958,4.755118992,voltage-dependent T-type calcium channel subunit,7792552,0.044904334,CACNA1G,29713
chr11,68537498,68537510,-,M00532,0.804228,1.768078,0.897036456,,-78,4.349161605,mas-related G-protein coupled receptor member F,7803365,0.111285456,MRGPRF,22538
chr11,17713882,17713894,+,M00532,0.640366,1.285951,0.938754778,,-182,4.672885682,potassium voltage-gated channel subfamily C,7793779,0.093006414,KCNC1,21801
chr2,201308946,201308958,-,M00532,0.36688,1.225386,0.939853664,,-807,4.681412776,,7793616,0.130473637,LOC100507140,5635
chr14,62581295,62581307,-,M00532,0.405312,1.029991,0.912077707,,407,4.465878074,potassium voltage-gated channel subfamily H,7798702,0.169124331,KCNH5,25673
chr15,40287184,40287196,+,M00532,0.44765,1.092814,0.978904624,,604,4.984438769,vam6/Vps39-like protein,7789006,0.08774584,VPS39,26850
chr11,124114740,124114752,-,M00532,1.242029,2.343175,0.90938092,,-292,4.444951656,neurogranin,7799304,0.065479529,NRGN,23016
chrX,54856574,54856586,+,M00532,0.378884,1.120431,0.90938092,,-947,4.444951656,,7799286,0.176786047,SNORA11,18232
chr15,63870691,63870703,+,M00532,0.601914,1.187008,0.891764844,,988,4.308255175,C-myc promoter-binding protein isoform 1,7806049,0.161817754,DENND4A,26954
chr2,165187222,165187234,-,M00532,0.866526,2.020544,0.896974155,,-622,4.348678167,growth factor receptor-bound protein 14,7803500,0.107385999,GRB14,4340
chr13,26028870,26028882,+,M00532,0.357804,1.189283,0.922351435,,-963,4.54559971,wiskott-Aldrich syndrome protein family member,7796364,0.169088911,WASF3,25002
chr10,71003324,71003336,+,M00532,0.988718,2.191259,0.895074898,,-114,4.333940388,neurogenin-3,7804632,0.094485182,NEUROG3,20418
chr15,43193661,43193673,+,M00532,0.490298,1.306381,0.91006156,,-16,4.450233258,dual oxidase 2 precursor,7799011,0.154641882,DUOX2,27447
chr21,30724085,30724097,-,M00532,0.46798,1.311196,0.924936,,-373,4.56565531,keratin-associated protein 13-4,7795916,0.149780029,KRTAP13-4,35634
chr9,103236943,103236955,-,M00532,0.385478,1.066537,0.938157747,,934,4.668252864,fructose-bisphosphate aldolase B,7793974,0.127295918,ALDOB,16732
chr3,112796646,112796658,-,M00532,0.728182,1.155196,0.96824857,,204,4.901750365,zinc finger BED domain-containing protein 2,7790067,0.06266956,ZBED2,7396
chr12,52178833,52178845,+,M00532,0.900341,1.82633,0.88739365,,872,4.274335765,mitogen-activated protein kinase kinase kinase,7807921,0.110437185,MAP3K12,23433
chrX,154217327,154217339,-,M00532,0.829884,1.796376,0.889579856,,-153,4.291300194,chloride intracellular channel protein 2,7806902,0.117833352,CLIC2,19152
chr8,49996846,49996858,-,M00532,1.465538,1.886871,0.938696333,,-300,4.672432163,zinc finger protein SNAI2,7793872,0.041737649,SNAI2,15313
chr1,215329436,215329448,-,M00532,1.16407,1.331758,0.972409322,,157,4.934036793,estrogen-related receptor gamma isoform 2,7789399,0.030769231,ESRRG,168
chr1,203986031,203986043,-,M00532,0.822327,1.850598,0.897502595,,-42,4.352778731,nuclear ubiquitous casein and cyclin-dependent,7803013,0.108774113,NUCKS1,3398
chr1,85819899,85819911,-,M00532,1.152443,2.416307,0.8912084,,874,4.3039373,protein CYR61 precursor,7806207,0.083168121,CYR61,2139
chr21,18178939,18178951,+,M00532,0.58553,1.344537,0.893927916,,851,4.325040086,,7805161,0.163440353,NCRNA00157,35593
chr12,101834784,101834796,-,M00532,0.12794,1.146138,0.909562343,,721,4.446359454,phenylalanine-4-hydroxylase,7799245,0.200684991,PAH,24640
chr1,226201662,226201674,+,M00532,1.770711,1.787892,0.99592651,,631,5.116524479,protein Wnt-9a precursor,7788084,0.005102041,WNT9A,3570
chr12,28015190,28015202,+,M00532,0.450571,1.20188,0.917384224,,987,4.507055356,parathyroid hormone-related protein isoform 2,7797354,0.162661094,PTHLH,24029
chrX,150616892,150616904,-,M00532,0.967423,1.625989,0.914640559,,-536,4.485765179,,7798072,0.084211593,PRRG3,18971
chr6,41230071,41230083,+,M00532,1.056063,1.907229,0.907862163,,-29,4.433166472,trem-like transcript 1 protein precursor,7799733,0.079159768,TREML1,12162
chr20,2792560,2792572,-,M00532,0.473714,1.127818,0.978904624,,-274,4.984438769,receptor-type tyrosine-protein phosphatase alpha,7789132,0.084351145,PTPRA,34467
chr5,49998463,49998475,+,M00532,1.165393,1.948553,0.911398082,,-59,4.460604346,poly [ADP-ribose] polymerase 8 isoform 2,7798839,0.06979728,PARP8,9536
chr17,958438,958450,-,M00532,0.501262,1.508249,0.902274787,,630,4.389809782,active breakpoint cluster region-related protein,7801605,0.170065325,ABR,29446
chr6,43246304,43246316,-,M00532,0.991306,1.664877,0.895055619,,-587,4.33379079,serum response factor,7804710,0.094235204,SRF,11131
chr12,53099580,53099592,-,M00532,0.80944,1.795494,0.896241767,,-269,4.342995012,integrin alpha-5 precursor,7804132,0.115699579,ITGA5,23440
chr8,79590423,79590435,+,M00532,1.025951,1.886514,0.911939915,,-461,4.464808841,cAMP-dependent protein kinase inhibitor alpha,7798727,0.080105263,PKIA,15418
chr3,109084154,109084166,+,M00532,0.678335,1.220878,0.9258975,,-581,4.57311632,,7795662,0.109996541,LOC285205,7384
chr1,213244642,213244654,-,M00532,1.029198,2.251422,0.905495346,,-859,4.414800545,potassium channel subfamily K member 2 isoform,7800632,0.083237768,KCNK2,907
chr19,11166508,11166520,-,M00532,0.971059,1.725412,0.912872193,,-248,4.472043092,KN motif and ankyrin repeat domain-containing,7798573,0.085087547,KANK2,32041
chr11,116554438,116554450,+,M00532,0.239883,1.10646,0.907862163,,-704,4.433166472,SID1 transmembrane family member 2 precursor,7799744,0.210951825,SIDT2,22869
chr12,47468183,47468195,-,M00532,0.78121,1.612636,0.888560519,,898,4.283390389,adenylate cyclase type 6 isoform b,7807296,0.124627311,ADCY6,23390
chr19,44060682,44060694,-,M00532,0.468241,1.297093,0.894204515,,71,4.327186426,ras and Rab interactor-like protein isoform 1,7804995,0.190909091,RINL,33275
chr7,120756802,120756814,+,M00532,0.591894,1.331325,0.96824857,,483,4.901750365,protein Wnt-16 isoform 1 precursor,7789941,0.079479769,WNT16,14147
chr11,65162662,65162674,-,M00532,1.14024,1.472426,0.946377581,,515,4.732036787,signal-induced proliferation-associated protein,7792796,0.036828423,SIPA1,22417
chr15,76343316,76343328,+,M00532,0.675154,1.324945,0.914640559,,-219,4.485765179,dnaJ homolog subfamily A member 4 isoform 1,7798031,0.116906475,DNAJA4,27725
chr11,117552266,117552278,-,M00532,0.685071,1.959409,0.900662275,,275,4.377297078,sodium channel subunit beta-2 precursor,7801974,0.126879394,SCN2B,22894
chr8,111057034,111057046,+,M00532,0.801997,1.8717,0.899460298,,-905,4.367970028,potassium voltage-gated channel subfamily V,7802296,0.10608914,KCNV1,15579
chr8,114519208,114519220,+,M00532,0.975006,2.198802,0.900315258,,-796,4.374604312,CUB and sushi domain-containing protein 3,7801996,0.088899885,CSMD3,14541
chr6,39868475,39868487,+,M00532,0.965651,1.609804,0.978129011,,-269,4.9784202,disheveled-associated activator of morphogenesis,7789154,0.039160045,DAAM2,11118
chr12,101742005,101742017,+,M00532,0.767835,1.455909,0.924936,,296,4.56565531,,7795876,0.099981587,LOC283432,24639
chr6,114284593,114284605,+,M00532,2.104235,2.945313,0.944014416,,-620,4.713699204,myristoylated alanine-rich C-kinase substrate,7793118,0.017766497,MARCKS,12498
chr17,43469471,43469483,-,M00532,0.739827,1.385464,0.903788673,,135,4.401557173,,7801150,0.115317991,MIR152,30859
chr16,66615912,66615924,+,M00532,1.083497,2.078854,0.969166845,,-647,4.908875961,probable ATP-dependent RNA helicase DDX28,7789719,0.036286522,DDX28,29118
chr3,101386927,101386939,-,M00532,0.702688,1.448342,0.888480766,,-424,4.282771525,,7807404,0.14003331,TMEM30C,7362
chr11,122570674,122570686,-,M00532,1.206505,2.135199,0.935780174,,537,4.649803476,adipocyte adhesion molecule precursor,7794281,0.046845124,CLMP,21417
chr12,50972075,50972087,-,M00532,0.304416,1.042518,0.896388488,,-515,4.344133533,"keratin, type II cuticular Hb1",7803949,0.228475336,KRT81,24188
chr15,64119797,64119809,-,M00532,2.212296,2.325803,1.000000203,,179,5.148135353,,7787940,0,MIR4311,27582
chr1,166965117,166965129,-,M00532,1.820244,2.465304,0.949352185,,-57,4.755118992,dermatopontin precursor,7792516,0.021875,DPT,3125
chr19,10304558,10304570,+,M00532,0.610173,1.443133,0.90704434,,750,4.426820362,ribonucleoprotein PTB-binding 1,7800050,0.133821571,RAVER1,32634
chr2,188020420,188020432,+,M00532,1.244378,2.097321,0.939853664,,840,4.681412776,calcitonin gene-related peptide type 1 receptor,7793578,0.044361888,CALCRL,4420
chr10,73954634,73954646,+,M00532,0.726802,1.55308,0.888953399,,-890,4.286439042,"calcium uptake protein 1, mitochondrial isoform",7807119,0.135259327,CBARA1,19819
chr12,54783848,54783860,-,M00532,0.45874,1.304208,0.929971194,,-515,4.604727194,proliferation-associated protein 2G4,7794958,0.133600484,PA2G4,23446
chr19,47585290,47585302,+,M00532,0.216903,1.059859,0.898725068,,988,4.362264827,cornifelin,7802482,0.23477613,CNFN,33414
chr14,22905669,22905681,+,M00532,0.870396,1.852173,0.894739448,,-993,4.33133738,embryonal Fyn-associated substrate isoform 1,7804839,0.108429979,EFS,26026
chr4,111782616,111782628,+,M00532,1.344703,2.060005,0.938157747,,106,4.668252864,pituitary homeobox 2 isoform b,7793934,0.043792108,PITX2,9051
chr2,233270863,233270875,+,M00532,0.828921,1.573126,0.89414607,,611,4.326732907,PERQ amino acid-rich with GYF domain-containing,7805032,0.113819712,GIGYF2,4571
chr4,128922747,128922759,-,M00532,0.777161,1.544992,0.897621514,,-149,4.353701515,heat shock 70 kDa protein 4L,7802990,0.11583034,HSPA4L,9107
chr20,56159545,56159557,+,M00532,0.315531,1.193742,0.914640559,,163,4.485765179,hypothetical protein LOC128602,7798038,0.180972962,C20orf85,35270
chr2,79106201,79106213,+,M00532,0.891049,1.843533,0.944229932,,-126,4.715371554,regenerating islet-derived protein 3-gamma,7792976,0.061062772,REG3G,5060
chr12,53005604,53005616,-,M00532,0.381519,1.222705,0.924233443,,433,4.560203638,coatomer subunit zeta-1,7796130,0.160237015,COPZ1,24282
chr15,71831021,71831033,-,M00532,1.210796,1.519944,0.954611823,,-158,4.795932514,hypothetical protein LOC388135,7791831,0.034722222,C15orf59,26994
chr16,31122163,31122175,-,M00532,0.210159,1.011055,0.919373584,,-571,4.522492309,apoptosis-associated speck-like protein,7796992,0.180874558,PYCARD,28860
chr8,139577909,139577921,-,M00532,0.714061,1.714048,0.962293071,,332,4.855537138,hypothetical protein LOC51059,7790706,0.060659341,FAM135B,14551
chr14,60270232,60270244,-,M00532,0.678882,1.62842,0.895850308,,-973,4.339957383,CDK-activating kinase assembly factor MAT1,7804383,0.138862604,MNAT1,25668
chr6,21701300,21701312,+,M00532,0.604048,1.655337,0.888422727,,-644,4.282321156,transcription factor SOX-4,7807446,0.159447349,SOX4,11583
chr4,39375555,39375567,+,M00532,0.658107,1.297425,0.977647855,,-497,4.974686545,ubiquitin-conjugating enzyme E2 K isoform 3,7789215,0.060113729,UBE2K,8184
chr1,91872970,91872982,+,M00532,0.373228,1.227122,0.951369347,,-179,4.770771682,,7792212,0.116608595,HSP90B3P,531
chr2,85682907,85682919,+,M00532,1.224454,1.578173,0.969166845,,420,4.908875961,transmembrane protein 150A,7789697,0.03030303,TMEM150A,5084
chr4,47181941,47181953,+,M00532,0.768139,1.717414,0.895850308,,-219,4.339957383,probable phospholipid-transporting ATPase VD,7804309,0.121772015,ATP10D,8017
chrX,109926838,109926850,+,M00532,0.437046,1.224668,0.904055937,,-902,4.403631075,chordin-like protein 1 isoform 1 precursor,7801084,0.18431693,CHRDL1,17540
chr1,108904899,108904911,-,M00532,0.65486,1.249434,0.898008915,,412,4.35670765,hypothetical protein LOC284611,7802882,0.132174777,FAM102B,580
chr1,115101406,115101418,-,M00532,0.587561,1.286618,0.959850357,,735,4.836582266,cold shock domain-containing protein E1 isoform,7791107,0.069763396,CSDE1,613
chr7,90731022,90731034,+,M00532,0.703893,1.467374,0.897502595,,-690,4.352778731,frizzled-1 precursor,7803011,0.129417879,FZD1,13851
chr15,88159344,88159356,+,M00532,1.063797,1.630014,0.970447763,,-274,4.918815576,aminopeptidase N precursor,7789532,0.033932136,ANPEP,27849
chr9,130047242,130047254,-,M00532,1.442615,1.500415,0.99592651,,-118,5.116524479,,7788175,0.013422819,MIR3154,16941
chr7,95687315,95687327,-,M00532,1.302316,2.050325,0.966366764,,-317,4.887148012,,7790402,0.025862069,MIR591,13889
chr5,145875972,145875984,+,M00532,0.738176,1.875774,0.889246842,,-109,4.288716083,probable G-protein coupled receptor 151,7807075,0.1332769,GPR151,10599
chr14,69108344,69108356,-,M00532,0.260382,1.419652,0.89237324,,-679,4.312976177,,7805671,0.243559517,C14orf162,26321
chr19,44595145,44595157,-,M00532,0.904577,1.821475,0.930476499,,-438,4.60864824,pleckstrin homology domain-containing family G,7794772,0.069880133,PLEKHG2,33296
chr22,25343455,25343467,+,M00532,0.957372,1.480673,0.896288645,,530,4.343358772,beta-crystallin B1,7804041,0.096903245,CRYBB1,36268
chr17,51164003,51164015,+,M00532,0.690183,1.883672,0.933632525,,472,4.633138243,transmembrane protein 100,7794608,0.095868432,TMEM100,30973
chr11,113815861,113815873,-,M00532,0.394636,1.02565,0.914640559,,550,4.485765179,"oligoribonuclease, mitochondrial precursor",7798057,0.170200543,REXO2,22856
chr1,196011653,196011665,-,M00532,0.422198,1.226527,0.887393447,,-413,4.27433419,DENN domain-containing protein 1B isoform 4,7807936,0.203666629,DENND1B,3290
chr5,40833192,40833204,+,M00532,0.339468,1.177989,0.893347525,,856,4.320536395,5'-AMP-activated protein kinase catalytic,7805422,0.224548165,PRKAA1,10020
chr10,102980133,102980145,-,M00532,1.004878,1.621745,0.912872193,,799,4.472043092,,7798555,0.081733746,FLJ41350,20706
chrX,135461150,135461162,-,M00532,0.491993,1.569353,0.940119305,,454,4.683474081,,7793574,0.117062343,MIR934,18859
chr11,83662144,83662156,-,M00532,1.449914,2.560214,0.913635833,,-179,4.477968753,disks large homolog 2 isoform 3,7798347,0.051041667,DLG2,21317
chr19,45798677,45798689,-,M00532,0.773651,1.559458,0.912077707,,-433,4.465878074,latent-transforming growth factor beta-binding,7798703,0.105024213,LTBP4,33343
chr17,28644617,28644629,-,M00532,0.521658,1.198102,0.902362454,,-504,4.39049006,"amiloride-sensitive cation channel 1, neuronal",7801545,0.16448674,ACCN1,29604
chr12,121224713,121224725,-,M00532,0.555621,1.480403,0.939853664,,-20,4.681412776,interleukin-31 precursor,7793633,0.107207388,IL31,24827
chr4,41446322,41446334,+,M00532,1.228155,1.754494,1,,-584,5.148133778,paired mesoderm homeobox protein 2B,7787987,0.016393443,PHOX2B,8777
chr10,30763483,30763495,+,M00532,0.532035,1.618147,0.895074898,,618,4.333940388,mitogen-activated protein kinase kinase kinase,7804631,0.174708438,MAP3K8,20231
chr7,25956155,25956167,-,M00532,0.695709,1.258554,0.90704434,,-30,4.426820362,,7800085,0.117621365,MIR148A,13481
chr6,109522089,109522101,+,M00532,0.314461,1.346832,0.921135658,,306,4.536165579,sestrin-1 isoform 1,7796652,0.172109962,SESN1,11264
chrX,73423525,73423537,+,M00532,1.013285,1.561745,0.944229932,,238,4.715371554,,7792990,0.049557522,MIR545,18388
chr1,152198127,152198139,+,M00532,1.309529,2.482912,0.944192795,,-377,4.71508338,CREB-regulated transcription coactivator 2,7793010,0.038671294,CRTC2,2704
chr11,8787925,8787937,+,M00532,1.068568,1.471325,0.913310733,,869,4.475446056,suppression of tumorigenicity 5 protein isoform,7798453,0.074931256,ST5,21048
chr12,52178852,52178864,+,M00532,0.802487,1.594853,0.88739365,,853,4.274335765,mitogen-activated protein kinase kinase kinase,7807922,0.122313049,MAP3K12,23433
chr7,2525144,2525156,+,M00532,0.776846,1.538538,0.889821347,,-854,4.293174107,"beta-1,3-N-acetylglucosaminyltransferase lunatic",7806719,0.12535,LFNG,13363
chr1,152566781,152566793,-,M00532,0.897535,2.2196,0.898265423,,-112,4.358698093,probable phospholipid-transporting ATPase ID,7802696,0.097141232,ATP8B2,667
chr1,202308719,202308731,-,M00532,0.997884,2.32977,0.889355005,,-143,4.289555407,transcription factor SOX-13,7806931,0.097129603,SOX13,3371
chr8,92184470,92184482,+,M00532,1.254693,1.996404,0.949352185,,454,4.755118992,leucine-rich repeat-containing protein 69,7792485,0.034775889,LRRC69,14489
chr22,43477952,43477964,-,M00532,0.396921,1.134607,0.915300093,,913,4.49088301,PRR5-ARHGAP8 fusion protein,7798009,0.168,PRR5-ARHGAP8,36057
chr1,13785120,13785132,+,M00532,1.137672,2.069592,0.950509516,,573,4.764099605,podoplanin isoform c,7792272,0.038373162,PDPN,1319
chr17,45402434,45402446,-,M00532,0.894726,1.403704,0.949352185,,880,4.755118992,homeobox protein DLX-4 isoform a,7792550,0.054804024,DLX4,30922
chr2,64688226,64688238,+,M00532,0.792713,1.395515,0.909763856,,283,4.447923148,,7799063,0.102654867,LOC339807,4940
chr6,53121852,53121864,-,M00532,0.357267,1.598041,0.924233443,,-275,4.560203638,chorion-specific transcription factor GCMa,7796110,0.163339156,GCM1,12326
chr10,11246532,11246544,+,M00532,2.137519,2.285243,0.988245262,,-460,5.056919855,CUGBP Elav-like family member 2 isoform 4,7788339,0.012195122,CELF2,19574
chr3,71674471,71674483,+,M00532,1.132621,2.520068,0.888907333,,-547,4.286081581,,7807151,0.085041551,MIR1284,7306
chr1,177107029,177107041,+,M00532,1.134907,2.179445,0.898008915,,-197,4.35670765,angiopoietin-related protein 1 precursor,7802851,0.07815423,ANGPTL1,3204
chr1,37795426,37795438,-,M00532,0.704348,1.401618,0.927178418,,326,4.583055935,axonemal dynein light intermediate polypeptide,7795475,0.098390975,DNALI1,1750
chrX,64112735,64112747,+,M00532,0.722963,1.755286,0.959850357,,397,4.836582266,zinc finger C4H2 domain-containing protein,7791103,0.056537102,ZC4H2,17441
chr12,4699378,4699390,+,M00532,0.979791,1.506603,0.953577672,,-628,4.787907755,probable polypeptide,7791884,0.04494382,GALNT8,23226
chr10,100165647,100165659,+,M00532,0.374067,1.125444,0.90735422,,-685,4.429224955,pyridine nucleotide-disulfide oxidoreductase,7799971,0.188879082,PYROXD2,19920
chr3,115585881,115585893,-,M00532,1.203739,2.16765,0.907862163,,-708,4.433166472,zinc finger and BTB domain-containing protein 20,7799774,0.069743324,ZBTB20,7426
chr11,100960222,100960234,-,M00532,1.08366,2.102811,0.985329103,,-359,5.034291168,short transient receptor potential channel 6,7788483,0.014322917,TRPC6,21350
chr2,61242814,61242826,-,M00532,0.438808,1.64952,0.912872193,,-312,4.472043092,hypothetical protein LOC339804 isoform 1,7798539,0.162928896,C2orf74,4918
chr17,35274342,35274354,+,M00532,0.652769,1.72359,0.893548024,,-381,4.322092215,zinc finger protein Aiolos isoform 4,7805295,0.145888014,IKZF3,29640
chr2,215605298,215605310,+,M00532,0.658142,1.643834,0.907862163,,-249,4.433166472,ATP-binding cassette sub-family A member 12,7799729,0.123238185,ABCA12,5710
chr1,53973126,53973138,+,M00532,0.757205,2.202243,0.907618643,,-667,4.431276812,zinc finger protein GLIS1,7799912,0.107788501,GLIS1,426
chr12,107257243,107257255,+,M00532,0.934735,1.631286,0.916945887,,-25,4.503653967,chemokine-like receptor 1 isoform a,7797562,0.085336777,CMKLR1,23596
chr9,90457073,90457085,+,M00532,0.468406,1.029816,0.911398082,,-184,4.460604346,hypothetical protein LOC286238,7798842,0.156835059,LOC286238,16633
chr6,147872427,147872439,-,M00532,0.305364,1.075082,0.937415415,,913,4.662492548,sterile alpha motif domain-containing protein 5,7794091,0.133739837,SAMD5,12640
chr15,40537140,40537152,+,M00532,0.838366,1.851142,0.912872193,,-124,4.472043092,zinc finger protein 106 homolog,7798519,0.097068994,ZFP106,26845
chr19,10789572,10789584,-,M00532,1.300066,1.708963,0.970447763,,-406,4.918815576,,7789584,0.026448363,MIR199A1,32670
chr10,105243415,105243427,+,M00532,0.664323,1.208994,0.959850357,,-303,4.836582266,neuralized-like protein 1A,7791092,0.060453869,NEURL,19948
chr19,38980200,38980212,-,M00532,0.515079,1.051997,0.902420696,,616,4.390942004,BTB/POZ domain-containing protein KCTD15 isoform,7801432,0.167068811,KCTD15,33057
chr1,184531869,184531881,-,M00532,2.340237,2.481276,0.988245262,,-152,5.056919855,proteoglycan 4 isoform C,7788368,0,PRG4,20
chr1,13711870,13711882,-,M00532,0.524285,1.069966,0.912173695,,953,4.466622915,leucine-rich repeat-containing protein 38,7798679,0.147048979,LRRC38,1315
chr5,142764726,142764738,-,M00532,1.065481,1.866764,0.95191118,,-494,4.774976177,glucocorticoid receptor isoform alpha,7792109,0.043468764,NR3C1,9805
chr3,115517951,115517963,+,M00532,1.289748,2.41148,0.91006156,,149,4.450233258,,7798990,0.060916031,MIR568,7428
chr7,94952848,94952860,-,M00532,1.156175,2.287362,0.889579856,,-294,4.291300194,ankyrin repeat and SOCS box protein 4 isoform b,7806864,0.084018801,ASB4,13887
chr1,11842335,11842347,+,M00532,0.737676,1.62438,0.90297085,,-762,4.395211062,natriuretic peptides B preproprotein,7801257,0.117583213,NPPB,1268
chr15,48199578,48199590,-,M00532,0.548235,1.315985,0.895289602,,-873,4.335606439,probable phospholipid-transporting ATPase IM,7804579,0.170507813,ATP8B4,26876
chr14,54440161,54440173,-,M00532,0.380901,1.468764,0.927178418,,-875,4.583055935,GTP cyclohydrolase 1 isoform 2,7795500,0.147127704,GCH1,25645
chr17,25280115,25280127,+,M00532,0.61182,1.403968,0.96824857,,-878,4.901750365,EF-hand calcium-binding domain-containing,7790000,0.074853229,EFCAB5,29586
chr18,3438396,3438408,+,M00532,0.841012,1.575262,0.915835027,,795,4.495033964,homeobox protein TGIF1 isoform b,7797956,0.094935607,TGIF1,31671
chr20,29456978,29456990,+,M00532,0.351443,1.190034,0.909315575,,746,4.444444597,beta-defensin 121 isoform 1 precursor,7799353,0.181446425,DEFB121,34921
chr5,58687500,58687512,-,M00532,0.576576,1.189127,0.946377581,,978,4.732036787,"cAMP-specific 3',5'-cyclic phosphodiesterase 4D",7792772,0.085804343,PDE4D,9555
chr3,188397680,188397692,-,M00532,0.446038,1.004517,0.891782905,,-281,4.308395324,receptor-transporting protein 1,7805978,0.20210587,RTP1,7897
chr2,69185002,69185014,+,M00532,1.662998,2.327011,0.978904624,,691,4.984438769,,7788923,0.015625,MIR3126,4966
chr19,7647417,7647429,-,M00532,0.579424,1.44425,0.90938092,,-519,4.444951656,mast cell-expressed membrane protein 1,7799310,0.138712552,C19orf59,32533
chr17,14144706,14144718,+,M00532,1.200706,1.58475,1,,-518,5.148133778,heparan sulfate glucosamine 3-O-sulfotransferase,7788056,0.015748031,HS3ST3B1,29536
chr1,205272762,205272774,-,M00532,1.388427,2.428833,0.916945887,,-44,4.503653967,specifically androgen-regulated gene protein,7797585,0.053333333,C1orf116,865
chr2,189547167,189547179,-,M00532,1.678988,2.491581,0.946377581,,-170,4.732036787,collagen alpha-1(III) chain preproprotein,7792764,0.024523161,COL3A1,5587
chr19,53366286,53366298,+,M00532,0.372703,1.443908,0.938157747,,-920,4.668252864,DNA ligase 1,7793952,0.128939343,LIG1,32190
chr3,114177553,114177565,+,M00532,0.580944,1.492617,0.961107126,,-932,4.84633449,cell surface glycoprotein CD200 receptor 1,7790829,0.073691968,CD200R1,6422
chr12,88574008,88574020,+,M00532,0.809132,2.039576,0.922351435,,-39,4.54559971,plasma membrane calcium-transporting ATPase 1,7796363,0.096700362,ATP2B1,24563
chr14,100421851,100421863,+,M00532,0.795056,1.070466,0.950509516,,-920,4.764099605,retrotransposon-like protein 1,7792302,0.063667497,RTL1,26540
chr12,108737157,108737169,-,M00532,0.652757,1.20599,0.898725068,,-148,4.362264827,transient receptor potential cation channel,7802500,0.132638957,TRPV4,24690
chr13,101367579,101367591,+,M00532,1.171726,2.178286,0.902380312,,-589,4.390628635,fibroblast growth factor 14 isoform 1A,7801463,0.0723102,FGF14,25143
chr9,19023560,19023572,-,M00532,0.456743,1.065211,0.893547821,,-310,4.322090641,hypothetical protein LOC158297,7805305,0.19642016,FAM154A,15917
chr12,46405708,46405720,-,M00532,2.050164,2.38259,0.961811915,,-92,4.851803483,poly(U)-specific endoribonuclease isoform 3,7790794,0.01344086,ENDOU,23381
chr10,50488186,50488198,+,M00532,0.440039,1.109353,0.9258975,,-160,4.57311632,vesicular acetylcholine transporter,7795675,0.151702361,SLC18A3,20339
chr2,182029460,182029472,+,M00532,1.019824,1.510637,0.886991841,,-397,4.271217825,integrin alpha-4 precursor,7808148,0.099452825,ITGA4,4408
chr5,148502194,148502206,+,M00532,1.324755,2.028584,0.961107126,,954,4.84633449,actin-binding LIM protein 3,7790836,0.026771654,ABLIM3,9826
chr3,71917365,71917377,-,M00532,0.745702,1.178908,0.940148933,,-324,4.683703989,prokineticin-2 isoform a precursor,7793426,0.081777996,PROK2,7309
chr12,111047533,111047545,-,M00532,1.293923,1.956049,0.962293071,,-192,4.855537138,TRAF-type zinc finger domain-containing protein,7790723,0.025979217,TRAFD1,24735
chr10,3816842,3816854,-,M00532,0.813922,2.094451,0.887393447,,625,4.27433419,,7807950,0.12132315,KLF6,20075
chr3,112273032,112273044,-,M00532,0.521899,1.195923,0.892314998,,-516,4.312524233,poliovirus receptor-related protein 3 precursor,7805755,0.180794985,PVRL3,6407
chr9,90550327,90550339,-,M00532,2.15834,2.337811,0.989402593,,307,5.065900468,,7788284,0.008196721,MIR4289,16634
chr3,52247891,52247903,-,M00532,0.696429,1.700234,0.938157747,,326,4.668252864,twinfilin-2,7793966,0.086013216,TWF2,7219
chr4,157044284,157044296,+,M00532,0.858605,1.54558,0.924203815,,-6,4.55997373,"tryptophan 2,3-dioxygenase",7796160,0.089282019,TDO2,9195
chr15,90197303,90197315,+,M00532,0.697022,1.558198,0.901881095,,-632,4.38675483,solute carrier organic anion transporter family,7801642,0.124930253,SLCO3A1,27084
chr5,44424133,44424145,+,M00532,2.138904,2.563507,0.970447763,,402,4.918815576,fibroblast growth factor 10 precursor,7789500,0.012820513,FGF10,10049
chr11,44288498,44288510,-,M00532,0.763552,1.439121,0.905102466,,-212,4.411751892,homeobox protein aristaless-like 4,7800802,0.109238207,ALX4,21919
chr2,149603786,149603798,+,M00532,0.973572,1.356217,0.967149683,,566,4.893223271,ly6/PLAUR domain-containing protein 6B,7790254,0.038436268,LYPD6B,4300
chr11,118757239,118757251,+,M00532,0.965314,2.302298,0.899148388,,401,4.365549688,ubiquitin carboxyl-terminal hydrolase 2 isoform,7802387,0.089488864,USP2,21407
chr1,84535956,84535968,+,M00532,0.250284,1.118553,0.899999087,,-674,4.372150902,sterile alpha motif domain-containing protein 13,7802190,0.228283041,SAMD13,517
chr22,21193566,21193578,+,M00532,0.265796,1.017109,0.89345853,,-67,4.321397765,zinc finger protein 280B,7805335,0.239915324,ZNF280B,36202
chr1,53973049,53973061,-,M00532,1.49288,2.202243,0.944192795,,-590,4.71508338,zinc finger protein GLIS1,7793043,0.036670918,GLIS1,426
chr15,53398274,53398286,+,M00532,0.368921,1.024788,0.910596696,,-144,4.454385788,GPI mannosyltransferase 3,7798893,0.176352322,PIGB,27507
chrX,107567348,107567360,-,M00532,1.278599,2.050591,0.956493831,,960,4.810536442,collagen alpha-6(IV) chain isoform B precursor,7791475,0.027131783,COL4A6,17532
chr2,79730171,79730183,+,M00532,0.412907,1.144502,0.919373584,,-184,4.522492309,,7796929,0.161321092,MIR4264,5066
chr19,45798472,45798484,-,M00532,1.766853,2.344422,0.93747386,,-638,4.662946066,latent-transforming growth factor beta-binding,7794030,0.030317613,LTBP4,33343
chr3,142524744,142524756,-,M00532,0.520559,1.304016,0.893027093,,-994,4.318049916,zinc finger and BTB domain-containing protein,7805478,0.179630565,ZBTB38,5981
chr1,26728548,26728560,+,M00532,0.758211,1.112071,0.955955245,,-281,4.806357143,ribosomal protein S6 kinase alpha-1 isoform a,7791597,0.064313177,RPS6KA1,309
chr16,66418,66430,+,M00532,1.547779,1.813905,0.964175079,,-593,4.870141066,DNA-3-methyladenine glycosylase isoform c,7790515,0.018686297,MPG,28266
chr12,48386610,48386622,+,M00532,1.138493,2.120143,0.900235708,,848,4.373987023,formin-like protein 3 isoform 2,7802045,0.07605664,FMNL3,23400
chr1,11830897,11830909,-,M00532,0.670845,1.682313,0.91006156,,-476,4.450233258,atrial natriuretic factor preproprotein,7799018,0.11965757,NPPA,1267
chr17,19223061,19223073,-,M00532,0.359015,1.04542,0.930476499,,701,4.60864824,mitogen-activated protein kinase 7 isoform 1,7794768,0.139564186,MAPK7,30293
chr11,74478460,74478472,+,M00532,1.754527,2.447393,1,,-60,5.148133778,olfactory receptor 2AT4,7788043,0.007575758,OR2AT4,22629
chr1,31654724,31654736,+,M00532,0.765695,1.212716,0.940119305,,-268,4.683474081,serine incorporator 2 isoform 4,7793475,0.079448622,SERINC2,1634
chr11,117981607,117981619,-,M00532,2.062096,2.679439,0.954611823,,-809,4.795932514,pleckstrin homology-like domain family B member,7791819,0.013647643,PHLDB1,22917
chr1,201729789,201729801,+,M00532,0.585412,1.211544,0.916945887,,-98,4.503653967,opticin precursor,7797525,0.13396131,OPTC,3361
chr7,113514381,113514393,+,M00532,1.21149,2.239875,0.957651163,,787,4.819517055,,7791212,0.026674938,FOXP2,13209
chr5,64813513,64813525,-,M00532,1.029156,2.093787,0.896588581,,-59,4.345686204,A disintegrin and metalloproteinase with,7803660,0.090403453,ADAMTS6,9565
chr7,100038627,100038639,+,M00532,1.518359,2.000784,0.954611823,,816,4.795932514,procollagen C-endopeptidase enhancer 1,7791764,0.02514427,PCOLCE,14008
chr2,29150942,29150954,-,M00532,0.799804,1.997345,0.899999087,,-317,4.372150902,chromosome 2 open reading frame 71,7802218,0.106433479,C2orf71,4791
chr11,116609066,116609078,-,M00532,0.59955,1.115041,0.902274787,,411,4.389809782,RING finger protein 214,7801599,0.144787645,RNF214,21393
chr7,120755948,120755960,-,M00532,0.419291,1.055383,0.927178418,,-371,4.583055935,protein Wnt-16 isoform 1 precursor,7795491,0.142535211,WNT16,14147
chr1,168520714,168520726,+,M00532,1.075773,1.708963,0.916151198,,-747,4.497487374,,7797704,0.073504684,LOC284688,3140
chr3,48608401,48608413,-,M00532,0.888315,1.922057,0.895074898,,-810,4.333940388,collagen alpha-1(VII) chain precursor,7804654,0.105967616,COL7A1,7061
chr1,23942953,23942965,-,M00532,0.494124,1.159698,0.906348277,,517,4.421419082,transcription elongation factor B polypeptide 3,7800453,0.162851197,TCEB3,1461
chr3,196792503,196792515,+,M00532,0.511778,1.767812,0.900235708,,-144,4.373987023,apolipoprotein D precursor,7802028,0.168983865,APOD,7936
chr17,64649399,64649411,+,M00532,0.845189,1.541151,0.905102263,,205,4.411750318,ATP-binding cassette sub-family A member 6,7800883,0.098903509,ABCA6,29778
chr2,158439947,158439959,+,M00532,1.852354,2.691098,0.944229932,,-84,4.715371554,activin receptor type-1 precursor,7792979,0.024479804,ACVR1,3819
chr2,219405274,219405286,-,M00532,0.415798,1.243653,0.897474793,,-524,4.352562994,5'-AMP-activated protein kinase subunit gamma-3,7803062,0.199382492,PRKAG3,5745
chr12,110822181,110822193,-,M00532,1.34545,2.493791,0.949352185,,938,4.755118992,,7792546,0.034582133,ADAM1,24729
chr19,7244221,7244233,+,M00532,0.591522,1.213042,0.892215154,,784,4.311749472,insulin receptor isoform Short preproprotein,7805809,0.164371234,INSR,32008
chr3,122862188,122862200,-,M00532,0.367085,1.175891,0.902380312,,287,4.390628635,hematopoietic lineage cell-specific protein,7801483,0.204472342,HCLS1,7452
chr20,31717713,31717725,+,M00532,0.481598,1.060487,0.961107126,,-245,4.84633449,putative uncharacterized actin family protein,7790879,0.082872928,C20orf134,34556
chr14,75907050,75907062,+,M00532,0.704893,1.14624,0.896388488,,-386,4.344133533,steroid hormone receptor ERR2,7803838,0.133828996,ESRRB,25754
chr3,49869632,49869644,-,M00532,0.580145,1.173341,0.889999726,,-642,4.294558284,TRAF-interacting protein,7806635,0.166204481,TRAIP,7132
chrX,111809670,111809682,-,M00532,0.972472,1.864217,0.895850308,,355,4.339957383,lipoma HMGIC fusion partner-like 1 protein,7804388,0.09514592,LHFPL1,17565
chr7,28441473,28441485,-,M00532,0.84276,1.734767,0.961107126,,-279,4.84633449,cyclic AMP-responsive element-binding protein 5,7790900,0.048256092,CREB5,12941
chr12,50981732,50981744,+,M00532,0.930546,1.121402,0.926818008,,-177,4.580259238,"keratin, type II cuticular Hb6",7795531,0.073217726,KRT86,23428
chr11,122570626,122570638,-,M00532,1.429861,2.135199,0.917062168,,585,4.50455628,adipocyte adhesion molecule precursor,7797520,0.051854975,CLMP,21417
chr8,17598978,17598990,+,M00532,0.260705,1.00097,0.902623833,,542,4.392518296,microtubule-associated tumor suppressor 1,7801370,0.226068408,MTUS1,14593
chr9,70511041,70511053,+,M00532,0.824955,1.717414,0.932438057,,612,4.623869458,phosphatidylinositol-4-phosphate 5-kinase type-1,7794652,0.078546307,PIP5K1B,15976
chr10,75081101,75081113,+,M00532,0.315758,1.428598,0.891078116,,-314,4.302926331,synaptopodin 2-like protein isoform b,7806237,0.233212184,SYNPO2L,20467
chr18,57711814,57711826,+,M00532,0.875814,1.209329,0.956552276,,-536,4.810989961,E3 ubiquitin-protein ligase RNF152,7791366,0.048421502,RNF152,31465
chr5,176448731,176448743,-,M00532,0.724654,1.427705,0.902380312,,-419,4.390628635,fibroblast growth factor receptor 4 isoform 2,7801486,0.11902786,FGFR4,10801
chr14,66777351,66777363,-,M00532,0.478193,1.012156,0.893027093,,-416,4.318049916,MAGUK p55 subfamily member 5,7805493,0.190846524,MPP5,25694
chr20,8998088,8998100,-,M00532,0.544612,1.402834,0.888367935,,394,4.281895982,"1-phosphatidylinositol-4,5-bisphosphate",7807527,0.174532806,PLCB4,34495
chr16,83728625,83728637,+,M00532,0.878917,1.73619,0.922321806,,375,4.545369802,,7796429,0.088928647,LOC400548,29271
chr4,107507650,107507662,+,M00532,0.929181,2.013975,0.90445734,,385,4.406745866,GTPase IMAP family member-like,7800935,0.091332027,LOC100507096,9026
chr11,128067443,128067455,-,M00532,0.909628,1.867867,0.891778847,,-149,4.30836383,Friend leukemia integration 1 transcription,7806010,0.107830552,FLI1,23063
chr16,29818580,29818592,+,M00532,1.340864,1.898908,0.946377581,,-505,4.732036787,seizure 6-like protein 2 isoform 1,7792747,0.033680175,SEZ6L2,28760
chr5,52891733,52891745,-,M00532,0.49094,1.354093,0.896388488,,-482,4.344133533,NADH dehydrogenase [ubiquinone] iron-sulfur,7803907,0.185211372,NDUFS4,9540
chr5,149649119,149649131,+,M00532,0.558635,1.570293,0.894142417,,471,4.326704562,calcium/calmodulin-dependent protein kinase type,7805095,0.167980829,CAMK2A,10624
chr16,79905139,79905151,+,M00532,0.869647,1.465733,0.892026223,,-926,4.31028341,gigaxonin,7805847,0.111429268,GAN,28226
chr15,72281709,72281721,-,M00532,0.542723,1.254676,0.89151828,,558,4.306341893,stimulated by retinoic acid gene 6 protein,7806168,0.176220348,STRA6,27655
chr3,160269698,160269710,-,M00532,1.202925,2.563507,0.896446933,,-30,4.344587051,IQ domain-containing protein J isoform CaMBPv3,7803716,0.076730988,IQCJ,6084
chrX,51943860,51943872,-,M00532,0.338675,1.032569,0.912536947,,-792,4.469441659,melanoma-associated antigen D4 isoform 1,7798629,0.178831408,MAGED4B,18136
chr8,65454122,65454134,-,M00532,0.679139,1.646693,0.890064665,,-131,4.295062193,,7806595,0.143857806,MIR124-2,15356
chr1,170375001,170375013,-,M00532,1.129349,2.53813,0.889579856,,-337,4.291300194,,7806825,0.085677276,MIR214,3157
chr20,2801543,2801555,+,M00532,0.594734,1.342445,0.892264264,,-592,4.312130554,receptor-type tyrosine-protein phosphatase alpha,7805802,0.163589945,PTPRA,34469
chrX,63341474,63341486,-,M00532,0.665144,1.688509,0.897502595,,869,4.352778731,protein FAM123B,7803016,0.135105965,FAM123B,18278
chr12,110522282,110522294,+,M00532,0.392807,1.29429,0.90938092,,-425,4.444951656,ataxin-2,7799274,0.174997642,ATXN2,23615
chr14,77939688,77939700,-,M00532,0.900604,1.755147,0.921135861,,-151,4.536167154,neurexin-3-beta isoform 1 precursor,7796621,0.084586068,NRXN3,25569
chr2,33212838,33212850,-,M00532,1.550659,2.593751,0.913635833,,-323,4.477968753,latent-transforming growth factor beta-binding,7798308,0.046859169,LTBP1,3976
chrX,68751638,68751650,+,M00532,1.411102,2.679439,0.896241767,,-991,4.342995012,ectodysplasin-A isoform 6,7804115,0.058079057,EDA,17447
chr17,58059233,58059245,-,M00532,0.712417,1.435878,0.891778847,,746,4.30836383,C-type mannose receptor 2,7806018,0.137447405,MRC2,29753
chr12,127317181,127317193,-,M00532,0.665042,1.15204,0.913310733,,-713,4.475446056,transmembrane protein 132C,7798476,0.119177899,TMEM132C,23693
chr3,169449208,169449220,-,M00532,0.563548,1.612894,0.887181787,,-789,4.27269176,,7808043,0.168710606,EGFEM1P,6091
chr15,37659644,37659656,-,M00532,0.774712,2.043428,0.899166449,,-921,4.365689838,thrombospondin-1 precursor,7802361,0.109878788,THBS1,27322
chrX,133508738,133508750,+,M00532,1.61572,1.996706,0.897474793,,-337,4.352562994,,7803058,0.044839255,MIR424,18806
chrX,19598610,19598622,+,M00532,1.54167,2.268087,0.955984873,,424,4.806587051,SH3 domain-containing kinase-binding protein 1,7791528,0.02502157,SH3KBP1,17330
chr1,74474218,74474230,+,M00532,0.892248,1.8785,0.902623833,,566,4.392518296,serine/threonine-protein kinase TNNI3K,7801349,0.097775087,TNNI3K,495
chr3,25889383,25889395,-,M00532,0.81604,1.029163,0.982202704,,801,5.010031074,,7788721,0.031617647,LOC285326,6868
chr10,18729366,18729378,-,M00532,1.19661,2.510846,0.901109946,,-146,4.380770905,voltage-dependent L-type calcium channel subunit,7801870,0.071908764,CACNB2,19603
chr8,120955002,120955014,-,M00532,1.549673,2.781368,0.944192795,,-72,4.71508338,DEP domain-containing mTOR-interacting protein,7793073,0.034146341,DEPTOR,14903
chr10,73202908,73202920,-,M00532,0.662813,1.546962,0.896588581,,429,4.345686204,platelet receptor Gi24 precursor,7803664,0.140936114,C10orf54,20449
chr16,54070323,54070335,-,M00532,0.877646,1.2908,0.945387264,,-252,4.724352166,72 kDa type IV collagenase isoform a,7792963,0.059377945,MMP2,28931
chr1,201711931,201711943,-,M00532,0.819625,1.629818,0.897364194,,432,4.351704773,prolargin precursor,7803184,0.109541512,PRELP,847
chr11,22644190,22644202,+,M00532,0.919569,1.947802,0.925477833,,-539,4.569859805,growth arrest-specific protein 2,7795740,0.07826087,GAS2,21090
chr12,52178810,52178822,+,M00532,0.819669,1.617782,0.905190945,,895,4.412438469,mitogen-activated protein kinase kinase kinase,7800731,0.102516968,MAP3K12,23433
chr7,16652756,16652768,-,M00532,0.353963,1.176577,0.889821347,,479,4.293174107,,7806725,0.222888839,BZW2,13435
chr2,134727594,134727606,-,M00532,0.146837,1.21325,0.894191933,,-699,4.327088793,"alpha-1,6-mannosylglycoprotein",7805011,0.251195614,MGAT5,4278
chr14,57965032,57965044,-,M00532,0.535657,1.175383,0.934889295,,576,4.642890467,talpid3 protein,7794516,0.118838332,KIAA0586,25659
chr1,31654680,31654692,-,M00532,0.895728,1.838354,0.970447763,,-312,4.918815576,serine incorporator 2 isoform 4,7789545,0.043162393,SERINC2,1634
chr1,19155547,19155559,-,M00532,0.480179,1.174589,0.889821347,,-140,4.293174107,intermediate filament family orphan 2,7806722,0.191246158,IFFO2,270
chr6,37244905,37244917,+,M00532,0.617695,1.595166,0.907618643,,-988,4.431276812,proto-oncogene serine/threonine-protein kinase,7799925,0.132084964,PIM1,12134
chr2,161059090,161059102,-,M00532,0.684837,1.371001,0.890302503,,-532,4.296907762,"RNA-binding motif, single-stranded-interacting",7806563,0.143305624,RBMS1,4327
chr12,48583341,48583353,-,M00532,1.003369,1.711893,0.914640559,,640,4.485765179,fas apoptotic inhibitory molecule 2,7798059,0.080747981,FAIM2,24143
chr17,45008231,45008243,+,M00532,0.782992,1.348308,0.906406316,,-59,4.421869451,neurexophilin-3 precursor,7800376,0.104283564,NXPH3,30907
chrX,70438269,70438281,+,M00532,1.17723,2.237657,0.906348277,,-77,4.421419082,integrin beta-1-binding protein 2,7800451,0.071148665,ITGB1BP2,18340
chr2,219233346,219233358,+,M00532,0.407166,1.002886,0.897621514,,730,4.353701515,mitochondrial chaperone BCS1,7802961,0.201635565,BCS1L,5739
chr2,218843817,218843829,-,M00532,0.714563,1.841764,0.908863033,,465,4.440932978,probable hydrolase PNKD isoform 3 precursor,7799505,0.114014407,PNKD,5724
chr11,76171704,76171716,-,M00532,1.612209,1.742393,0.99592651,,-222,5.116524479,tsukushin precursor,7788178,0.008,TSKU,22645
chr15,40174168,40174180,+,M00532,0.396722,1.049673,0.897679959,,-130,4.354155034,cytosolic phospholipase A2 delta,7802939,0.203620554,PLA2G4D,27384
chr10,33263921,33263933,-,M00532,0.759121,1.200246,0.954611823,,565,4.795932514,integrin beta-1 isoform 1D precursor,7791815,0.06284153,ITGB1,20234
chr17,30415240,30415252,+,M00532,0.809031,1.544133,0.924203815,,-374,4.55997373,E3 ubiquitin-protein ligase rififylin,7796197,0.094495057,RFFL,29392
chr12,22379668,22379680,-,M00532,0.922453,1.273203,0.962293071,,-759,4.855537138,alpha-N-acetylneuraminide,7790719,0.043537788,ST8SIA1,23293
chr8,124621755,124621767,+,M00532,0.372192,1.080754,0.895092756,,866,4.334078963,F-box only protein 32 isoform 1,7804588,0.213957105,FBXO32,15608
chrX,152794661,152794673,+,M00532,0.641276,1.394124,0.908100002,,-74,4.435012041,neural cell adhesion molecule L1 isoform 2,7799689,0.125177641,L1CAM,19057
chr1,151784742,151784754,+,M00532,0.446431,1.045103,0.930273768,,158,4.607075098,protein S100-A4,7794775,0.130172013,S100A4,2691
chr8,62362949,62362961,-,M00532,0.524865,1.320452,0.91335964,,-123,4.475825563,clavesin-1,7798420,0.145875937,CLVS1,14747
chr7,129868483,129868495,+,M00532,0.816898,1.292723,0.938933157,,-399,4.674269858,centrosomal protein of 41 kDa,7793665,0.072405063,TSGA14,14227
chr21,33107396,33107408,-,M00532,0.96818,1.771929,0.957651163,,521,4.819517055,hypothetical protein LOC56245,7791308,0.037135922,C21orf62,35673
chr12,13241449,13241461,-,M00532,0.937608,1.496933,0.957651163,,587,4.819517055,epithelial membrane protein 1,7791292,0.040311174,EMP1,23967
chr7,154493448,154493460,+,M00532,0.594048,1.177102,0.887181787,,-24,4.27269176,5-hydroxytryptamine receptor 5A,7808019,0.162106997,HTR5A,14460
chr15,72288710,72288722,-,M00532,0.579353,1.825128,0.930476499,,-292,4.60864824,stimulated by retinoic acid gene 6 protein,7794766,0.111015342,STRA6,27657
chr17,6861904,6861916,-,M00532,0.877693,1.538745,0.928277305,,155,4.591583029,,7795326,0.076269213,MIR497,30029
chr12,53071131,53071143,-,M00532,0.78465,1.207947,0.914640559,,213,4.485765179,zinc finger protein 385A isoform b,7798060,0.101860687,ZNF385A,24287
chr17,44007341,44007353,+,M00532,1.448604,2.354959,0.916013406,,-538,4.496418141,homeobox protein Hox-B3,7797810,0.050232165,HOXB3,30864
chr1,19155536,19155548,-,M00532,0.478569,1.174589,0.887004626,,-129,4.271317032,intermediate filament family orphan 2,7808145,0.189908537,IFFO2,270
chr2,152539060,152539072,+,M00532,1.190761,2.179445,0.923134353,,-335,4.55167497,voltage-dependent L-type calcium channel subunit,7796309,0.061669829,CACNB4,4307
chr10,44727125,44727137,+,M00532,1.149116,1.748811,0.967531604,,362,4.896186889,transmembrane protein 72,7790214,0.030039526,TMEM72,20284
chr14,56348768,56348780,+,M00532,0.759708,1.43212,0.898265423,,-879,4.358698093,,7802681,0.114718115,OTX2OS1,25652
chr2,65513473,65513485,+,M00532,1.770363,2.521825,0.955769155,,-319,4.804913127,"sprouty-related, EVH1 domain-containing protein",7791691,0.021766169,SPRED2,4085
chr4,81475004,81475016,-,M00532,0.370898,1.236707,0.889579856,,-887,4.291300194,hypothetical protein LOC255119,7806848,0.21878039,C4orf22,8031
chr13,31900705,31900717,+,M00532,0.530248,1.260035,0.956552276,,-396,4.810989961,NEDD4-binding protein 2-like 1 isoform 1,7791360,0.079266444,N4BP2L1,25240
chr3,66632934,66632946,-,M00532,0.689075,1.240719,0.908277366,,595,4.436388344,leucine-rich repeats and immunoglobulin-like,7799645,0.117087011,LRIG1,6351
chr19,11166480,11166492,+,M00532,0.970042,1.725412,0.907680335,,-220,4.431755526,KN motif and ankyrin repeat domain-containing,7799832,0.086599818,KANK2,32041
chr8,42353935,42353947,-,M00532,0.931331,1.577823,0.899460298,,-110,4.367970028,dickkopf-related protein 4 precursor,7802317,0.09158907,DKK4,15293
chr1,35216607,35216619,+,M00532,0.728768,1.848705,0.928277305,,281,4.591583029,,7795178,0.093550879,LOC653160,1715
chr7,129498154,129498166,-,M00532,0.46755,1.668417,0.896974155,,576,4.348678167,kelch domain-containing protein 10,7803535,0.191264951,KLHDC10,13254
chr2,113310029,113310041,+,M00532,0.518639,1.058654,0.950451274,,792,4.763647661,interleukin-1 beta proprotein,7792360,0.0967858,IL1B,5293
chr10,103883691,103883703,-,M00532,1.266293,1.825564,0.988245262,,921,5.056919855,peroxisome proliferator-activated receptor gamma,7788393,0.012455516,PPRC1,20727
chrX,123307375,123307387,+,M00532,0.608795,1.42115,0.916151198,,-431,4.497487374,SH2 domain-containing protein 1A isoform 1,7797717,0.128300169,SH2D1A,18756
chr19,45798425,45798437,-,M00532,1.543591,1.962616,0.911398082,,-685,4.460604346,latent-transforming growth factor beta-binding,7798878,0.047394541,LTBP4,33343
chr9,34681912,34681924,+,M00532,0.822409,1.969735,0.912872193,,-644,4.472043092,C-C motif chemokine 19 precursor,7798509,0.098497091,CCL19,16421
chr8,130322486,130322498,+,M00532,2.470765,2.84711,0.96824857,,176,4.901750365,,7789948,0.009615385,LOC728724,15629
chr11,46824676,46824688,-,M00532,0.653087,1.526875,0.93607524,,-263,4.652093115,cytoskeleton-associated protein 5 isoform a,7794204,0.094318641,CKAP5,21183
chr1,151784761,151784773,+,M00532,0.447575,1.045103,0.935780174,,139,4.649803476,protein S100-A4,7794223,0.12277668,S100A4,2691
chr6,42822322,42822334,+,M00532,0.73842,1.369363,0.902274787,,-466,4.389809782,tubulin-specific chaperone C,7801563,0.117583213,TBCC,12185
chr19,45798454,45798466,-,M00532,1.809667,2.344422,0.930273768,,-656,4.607075098,latent-transforming growth factor beta-binding,7794858,0.027806385,LTBP4,33343
chr8,22079458,22079470,+,M00532,0.736969,1.442073,0.907680335,,867,4.431755526,,7799817,0.111660731,BMP1,15147
chr3,185233142,185233154,+,M00532,0.608342,1.598762,0.966366764,,-164,4.887148012,5-hydroxytryptamine receptor 3D isoform 3,7790364,0.072454015,HTR3D,7828
chr5,177354954,177354966,+,M00532,0.454692,1.369695,0.891065534,,889,4.302828699,homeobox protein prophet of Pit-1,7806249,0.199857798,PROP1,10835
chr6,153345477,153345489,+,M00532,0.481829,1.048771,0.951695664,,413,4.773303827,F-box only protein 5 isoform a,7792145,0.106130923,FBXO5,12661
chr11,19501606,19501618,+,M00532,0.494208,1.202101,0.928277305,,589,4.591583029,,7795234,0.131578947,FLJ13439,21839
chr17,38014388,38014400,-,M00532,0.768902,1.079689,0.946436026,,-489,4.732490305,tubulin gamma-1 chain,7792707,0.062411348,TUBG1,30700
chr17,35728922,35728934,-,M00532,1.540762,2.048939,0.950509516,,930,4.764099605,retinoic acid receptor alpha isoform 4,7792344,0.031655225,RARA,30582
chr9,13420620,13420632,-,M00532,0.304175,1.083246,0.896388488,,702,4.344133533,,7803929,0.228475336,FLJ41200,16303
chr11,74478443,74478455,+,M00532,1.751091,2.447393,0.892314998,,-43,4.312524233,olfactory receptor 2AT4,7805713,0.036442006,OR2AT4,22629
chrX,102869364,102869376,-,M00532,0.430277,1.278514,0.933632525,,838,4.633138243,glycine receptor subunit alpha-4 isoform 2,7794632,0.135124425,GLRA4,18547
chr11,63441283,63441295,+,M00532,1.332642,1.515983,0.969493163,,-397,4.911408106,REST corepressor 2,7789626,0.02679659,RCOR2,21234
chr3,102981700,102981712,+,M00532,0.46665,1.296663,0.90297085,,731,4.395211062,hypothetical protein LOC91775 precursor,7801270,0.180017043,FAM55C,6395
chrX,14456747,14456759,+,M00532,0.737402,1.050068,0.953330905,,-587,4.785992899,glycine receptor subunit alpha-2 isoform A,7792009,0.068593204,GLRA2,17309
chr14,36120561,36120573,+,M00532,0.76918,1.34391,0.954611823,,970,4.795932514,homeobox protein Nkx-2.8,7791775,0.060380623,NKX2-8,26149
chr18,490004,490016,-,M00532,1.443949,2.078814,0.959850357,,719,4.836582266,collectin-12,7791137,0.023564696,COLEC12,31470
chr8,104900523,104900535,-,M00532,1.767918,2.624855,0.935780174,,-62,4.649803476,regulating synaptic membrane exocytosis protein,7794272,0.03008596,RIMS2,14871
chr10,123347232,123347244,+,M00532,0.613573,1.029615,0.902380312,,724,4.390628635,fibroblast growth factor receptor 2 isoform 7,7801460,0.140678651,FGFR2,20018
chr19,45798545,45798557,-,M00532,0.478121,1.063566,0.959850357,,-565,4.836582266,latent-transforming growth factor beta-binding,7791140,0.078802589,LTBP4,33343
chr7,41699512,41699524,-,M00532,0.503737,1.634962,0.940148933,,-520,4.683703989,,7793440,0.11558669,LOC285954,13574
chr12,103374726,103374738,+,M00532,0.923352,1.677403,0.905190945,,-89,4.412438469,carbohydrate sulfotransferase 11 isoform 1,7800732,0.091176952,CHST11,23570
chr2,139370800,139370812,+,M00532,0.623833,1.050068,0.926395297,,-557,4.576979101,,7795636,0.112578409,LOC647012,5445
chr1,170380727,170380739,-,M00532,1.253175,2.696781,0.889579856,,-326,4.291300194,,7806826,0.07546495,MIR199A2,3159
chrX,19598487,19598499,+,M00532,1.59506,2.387312,0.934889295,,547,4.642890467,SH3 domain-containing kinase-binding protein 1,7794471,0.039314516,SH3KBP1,17330
chr11,15092660,15092672,-,M00532,1.497155,1.991432,0.967149683,,-393,4.893223271,protein inscuteable homolog isoform b,7790325,0.017898383,INSC,21069
chr2,220144656,220144668,+,M00532,0.832915,1.576395,0.899148388,,-150,4.365549688,obscurin-like protein 1 isoform 1 precursor,7802373,0.102609727,OBSL1,5797
chr9,15239218,15239230,-,M00532,1.318239,2.135217,0.929551323,,974,4.601469104,tetratricopeptide repeat protein 39B isoform 5,7795057,0.04766818,TTC39B,15910
chr2,225615607,225615619,+,M00532,0.404011,1.15181,0.908100002,,-39,4.435012041,dedicator of cytokinesis protein 10,7799676,0.175925926,DOCK10,3877
chr16,49288084,49288096,-,M00532,0.313141,1.105155,0.944192795,,-460,4.71508338,nucleotide-binding oligomerization,7793096,0.124402371,NOD2,28916
chr7,97199158,97199170,-,M00532,1.683106,2.562651,0.937415415,,-42,4.662492548,protachykinin-1 isoform delta precursor,7794093,0.032218597,TAC1,13897
chr1,210848403,210848415,+,M00532,1.367177,2.076764,0.946436026,,-207,4.732490305,cyclic AMP-dependent transcription factor ATF-3,7792691,0.033975085,ATF3,3494
chr14,76677368,76677380,-,M00532,0.960262,1.97829,0.897502595,,513,4.352778731,putative palmitoyltransferase ZDHHC22,7803014,0.094499078,ZDHHC22,25755
chr12,48738468,48738480,+,M00532,1.062732,1.372357,0.949352185,,721,4.755118992,"amiloride-sensitive cation channel 2, neuronal",7792495,0.041839271,ACCN2,23395
chr16,79085461,79085473,-,M00532,1.627305,2.64412,0.91006156,,145,4.450233258,,7799057,0.043817527,MIR548H4,28224
chr20,23350541,23350553,+,M00532,0.807742,1.711667,0.894593539,,-391,4.330205159,beta-soluble NSF attachment protein,7804919,0.116768155,NAPB,34536
chr5,89889734,89889746,-,M00532,0.547911,1.253447,0.932438057,,-632,4.623869458,G-protein coupled receptor 98 precursor,7794678,0.116618076,GPR98,9396
chr16,54071425,54071437,+,M00532,0.802757,1.276248,0.942231237,,850,4.699862163,72 kDa type IV collagenase isoform a,7793234,0.067578659,MMP2,28931
chr11,47959440,47959452,+,M00532,0.740765,1.51531,0.967531604,,761,4.896186889,receptor-type tyrosine-protein phosphatase eta,7790218,0.059566787,PTPRJ,21186
chr12,2032279,2032291,+,M00532,1.226542,1.394661,0.970447763,,-391,4.918815576,voltage-dependent L-type calcium channel subunit,7789524,0.027357392,CACNA1C,23115
chr17,45994368,45994380,-,M00532,0.938949,1.249907,0.938696333,,927,4.672432163,voltage-dependent T-type calcium channel subunit,7793891,0.060494554,CACNA1G,29713
chr9,27518940,27518952,-,M00532,1.149108,2.241469,0.978904624,,904,4.984438769,mps one binder kinase activator-like 2B,7789102,0.032742156,MOBKL2B,15930
chr3,195911381,195911393,-,M00532,0.571272,1.328382,0.890302503,,949,4.296907762,,7806566,0.169565217,LOC100507391,6692
